query_name,source,data_scope,runs,median_ms,mean_ms,std_ms,min_ms,max_ms
q1_conteo_taxi_anio,duckdb_table,2024,5,212.35,215.39,16.51,202.18,243.61
q1_conteo_taxi_anio,duckdb_table,2024+2026,5,368.83,370.45,4.12,366.82,375.87
q1_conteo_taxi_anio,duckdb_table,2026,5,149.5,151.39,3.61,147.73,155.87
q1_conteo_taxi_anio,parquet,2024,5,112.57,113.49,5.27,107.06,121.12
q1_conteo_taxi_anio,parquet,2024+2026,5,182.47,181.59,1.89,178.91,183.53
q1_conteo_taxi_anio,parquet,2026,5,80.86,81.83,3.97,78.31,88.57
q2_mensual,duckdb_table,2024,5,87.85,89.97,6.24,84.25,99.15
q2_mensual,duckdb_table,2024+2026,5,169.46,168.75,2.38,164.81,170.98
q2_mensual,duckdb_table,2026,5,64.88,64.55,2.91,60.42,67.9
q2_mensual,parquet,2024,5,228.86,232.17,9.2,221.21,243.95
q2_mensual,parquet,2024+2026,5,384.43,384.47,3.6,379.97,389.35
q2_mensual,parquet,2026,5,169.94,172.85,7.83,166.14,185.03
q3_taxi_media_mediana,duckdb_table,2024,5,1169.17,1169.11,20.71,1144.46,1200.62
q3_taxi_media_mediana,duckdb_table,2024+2026,5,1748.44,1811.83,157.86,1632.69,2025.64
q3_taxi_media_mediana,duckdb_table,2026,5,1407.84,1553.46,290.89,1345.98,2039.9
q3_taxi_media_mediana,parquet,2024,5,1173.97,1168.02,73.66,1076.41,1271.72
q3_taxi_media_mediana,parquet,2024+2026,5,1855.48,1852.35,140.79,1623.4,1991.21
q3_taxi_media_mediana,parquet,2026,5,1425.49,1501.96,292.98,1277.58,1998.11
q4_pago_filtrado,duckdb_table,2024,5,311.96,313.03,20.58,294.73,347.08
q4_pago_filtrado,duckdb_table,2024+2026,5,539.38,548.43,14.68,538.39,572.24
q4_pago_filtrado,duckdb_table,2026,5,509.27,487.73,117.57,315.14,640.7
q4_pago_filtrado,parquet,2024,5,799.83,836.07,91.1,776.37,995.39
q4_pago_filtrado,parquet,2024+2026,5,1342.13,1350.56,14.18,1338.07,1367.6
q4_pago_filtrado,parquet,2026,5,1114.18,1176.95,157.75,1001.81,1364.67
q5_hora_taxi,duckdb_table,2024,5,325.07,326.7,7.19,319.92,337.48
q5_hora_taxi,duckdb_table,2024+2026,5,587.61,587.98,5.29,582.24,593.87
q5_hora_taxi,duckdb_table,2026,5,238.46,240.99,8.4,234.84,255.63
q5_hora_taxi,parquet,2024,5,505.59,510.22,16.04,498.3,538.23
q5_hora_taxi,parquet,2024+2026,5,867.48,870.22,12.81,857.07,891.44
q5_hora_taxi,parquet,2026,5,372.57,428.3,126.81,369.2,655.13
q1_conteo_taxi_anio,duckdb_table,2024+2025+2026,5,545.0,543.98,4.39,538.12,548.39
q1_conteo_taxi_anio,parquet,2024+2025+2026,5,266.57,270.22,10.8,261.62,289.02
q2_mensual,duckdb_table,2024+2025+2026,5,232.31,233.4,6.37,227.78,243.89
q2_mensual,parquet,2024+2025+2026,5,584.44,584.82,9.1,574.18,597.51
q3_taxi_media_mediana,duckdb_table,2024+2025+2026,5,2926.15,2878.85,191.31,2550.47,3052.88
q3_taxi_media_mediana,parquet,2024+2025+2026,5,2957.79,2922.29,390.52,2497.53,3347.06
q4_pago_filtrado,duckdb_table,2024+2025+2026,5,802.92,801.82,6.18,793.85,809.39
q4_pago_filtrado,parquet,2024+2025+2026,5,2089.81,2080.9,23.99,2045.71,2107.39
q5_hora_taxi,duckdb_table,2024+2025+2026,5,1042.55,1046.53,160.13,869.78,1238.26
q5_hora_taxi,parquet,2024+2025+2026,5,1706.5,1675.04,216.47,1342.05,1910.31
